{"X_mean": [4.528050552063879, 5.830248092302474], "X_scale": [2.7672070367821373, 2.129776197855979], "y_mean": [0.7853981633974484, 0.2617993877991494, -0.5235987755982988], "y_scale": [0.27850425630324394, 0.5013076613458392, 0.6684102151277856]}